Year;County;Total Volume Sold (Liters);Population;Liters per capita;County coordinates
2012;Dickinson;134454.78;16924;7.944621841;(43.3779848, -95.1508301)
2013;Dickinson;127827.05;16876;7.57448744;(43.3779848, -95.1508301)
2014;Dickinson;131560.43;16830;7.817019016;(43.3779848, -95.1508301)
2015;Dickinson;142531.24;16990;8.389125371;(43.3779848, -95.1508301)
2016;Dickinson;101514.13;17104;5.935110503;(43.3779848, -95.1508301)
2017;Adair;4410.250002;7054;0.625212646;(41.3307464, -94.4709413)
